<?xml version="1.0" encoding="UTF-8"?>
<beans xmlns="http://www.springframework.org/schema/beans"
       xmlns:xsi="http://www.w3.org/2001/XMLSchema-instance"
       xsi:schemaLocation="http://www.springframework.org/schema/beans http://www.springframework.org/schema/beans/spring-beans.xsd">

    <bean id="emp" class="com.atguigu.spring5.bean.Emp">
        <property name="ename" value="lucy"></property>
        <property name="gender" value="女"></property>
        <!--级联赋值-->
        <property name="dept" ref="dept"></property>
        <!--Emp类中要有返回dept的方法-->
        <property name="dept.dname" value="技术部"></property>
    </bean>

    <bean id="dept" class="com.atguigu.spring5.bean.Dept">
        <property name="dname" value="财务部"></property>
    </bean>


</beans>