<?xml version="1.0" encoding="UTF-8"?>
<beans xmlns="http://www.springframework.org/schema/beans"
       xmlns:xsi="http://www.w3.org/2001/XMLSchema-instance"
       xsi:schemaLocation="http://www.springframework.org/schema/beans http://www.springframework.org/schema/beans/spring-beans.xsd">

    <!-- 配置User对象创建 -->
<!--    <bean id="user" class="com.atguigu.spring5.User">-->
<!--    </bean>-->

    <!-- set注入属性 -->
    <bean id="book" class="com.atguigu.spring5.Book">
        <property name="bname" value="易筋经"></property>
        <property name="bauthor" value="达摩老祖"></property>
<!--        <property name="address" value="&lt;南京"></property>-->
        <property name="address">
            <value><![CDATA[<<南京>>]]>      </value>
        </property>
    </bean>

    <!-- 有参构造注入属性 -->
    <bean id="orders" class="com.atguigu.spring5.Orders">
        <constructor-arg name="oname" value="abc"></constructor-arg>
        <constructor-arg name="address" value="China"></constructor-arg>
    </bean>
</beans>